{
    "_ColorR": 1.0,
    "_ColorG": 1.0,
    "_ColorB": 1.0,
    "_RampLevels": 12.0,
    "_LightScalar": 0.8299999833106995,
    "_HighColorR": 0.7169811725616455,
    "_HighColorG": 0.03655198588967323,
    "_HighColorB": 0.0,
    "_HighIntensity": 1.5,
    "_LowColorR": 0.9528301358222961,
    "_LowColorG": 0.8679818511009216,
    "_LowColorB": 0.27326440811157229,
    "_LowIntensity": 1.7999999523162842,
    "_OutlineColorR": 1.0,
    "_OutlineColorG": 0.7212842702865601,
    "_OutlineColorB": 0.3339621424674988,
    "_OutlineSize": 22.969999313354493,
    "_RimColorR": 0.0,
    "_RimColorG": 0.0,
    "_RimColorB": 0.0,
    "_RimAlpha": 0.7570000290870667,
    "_RimPower": 0.3610000014305115,
    "_RimDropOff": 0.40700000524520876,
    "_FresnelColorR": 1.0,
    "_FresnelColorG": 0.20686480402946473,
    "_FresnelColorB": 0.14528292417526246,
    "_FresnelBrightness": 0.13600000739097596,
    "_FresnelPower": 0.9169999957084656,
    "_FresnelShadowDropoff": 0.0560000017285347,
    "_GradYCap": 0.0,
    "_GradIntensity": 0.0
}