{
    "_ColorR": 1.0,
    "_ColorG": 1.0,
    "_ColorB": 1.0,
    "_RampLevels": 17.0,
    "_LightScalar": 0.8799999952316284,
    "_HighColorR": 0.0,
    "_HighColorG": 0.11518333107233048,
    "_HighColorB": 1.0,
    "_HighIntensity": 1.5,
    "_LowColorR": 0.9905659556388855,
    "_LowColorG": 0.7918155789375305,
    "_LowColorB": 0.22801700234413148,
    "_LowIntensity": 1.8700000047683716,
    "_OutlineColorR": 0.8113207221031189,
    "_OutlineColorG": 0.6159123182296753,
    "_OutlineColorB": 0.28625842928886416,
    "_OutlineSize": 32.599998474121097,
    "_RimColorR": 0.6226414442062378,
    "_RimColorG": 0.6118006706237793,
    "_RimColorB": 0.1139550730586052,
    "_RimAlpha": 0.7570000290870667,
    "_RimPower": 0.3610000014305115,
    "_RimDropOff": 0.40700000524520876,
    "_FresnelColorR": 0.9818443655967712,
    "_FresnelColorG": 1.0,
    "_FresnelColorB": 0.0,
    "_FresnelBrightness": 0.13600000739097596,
    "_FresnelPower": 0.9169999957084656,
    "_FresnelShadowDropoff": 0.0560000017285347,
    "_GradYCap": 0.0,
    "_GradIntensity": 0.0
}