{
    "_ColorR": 1.0,
    "_ColorG": 1.0,
    "_ColorB": 1.0,
    "_RampLevels": 6.0,
    "_LightScalar": 0.8299999833106995,
    "_HighColorR": 0.8116395473480225,
    "_HighColorG": 0.849056601524353,
    "_HighColorB": 0.235493004322052,
    "_HighIntensity": 1.5,
    "_LowColorR": 0.9056603908538818,
    "_LowColorG": 0.506702184677124,
    "_LowColorB": 0.08885716646909714,
    "_LowIntensity": 1.8700000047683716,
    "_OutlineColorR": 1.0,
    "_OutlineColorG": 0.7212842702865601,
    "_OutlineColorB": 0.33396217226982119,
    "_OutlineSize": 22.969999313354493,
    "_RimColorR": 1.0,
    "_RimColorG": 0.9964905381202698,
    "_RimColorB": 0.8245283365249634,
    "_RimAlpha": 0.7570000290870667,
    "_RimPower": 0.3610000014305115,
    "_RimDropOff": 0.40700000524520876,
    "_FresnelColorR": 1.0,
    "_FresnelColorG": 0.21918761730194093,
    "_FresnelColorB": 0.1547168791294098,
    "_FresnelBrightness": 0.13600000739097596,
    "_FresnelPower": 0.9169999957084656,
    "_FresnelShadowDropoff": 0.0560000017285347,
    "_GradYCap": 0.0,
    "_GradIntensity": 0.0
}